guid,first_name,last_name,email
9fe990fb-3e74-4cda-bf74-79cb1db863ed,Mateo,Walker,m_walker@live.com
aa3b6a15-d3f5-4ec7-abe0-c33b0289c03a,Henry,Davis,h_l_davis86@ymail.com
bdf2ea21-7032-42db-904b-44f0381cd928,Isabella,Griffin,i_m@outlook.com
8e543583-c208-4438-a6da-0246a8763470,Stephanie,Thompson,s_thompson@hotmail.com
88a98fbf-fbe2-4d06-8b40-b56a5b1407da,Jennifer,Taylor,j.taylor@outlook.com
f78fb215-4ac6-441d-b71c-28b07e7c3159,Hannah,Coleman,h.coleman@gmail.com
f2f611c5-b028-419e-a38b-915b4a9616ff,Benjamin,Allen,b.allen@live.com
4a438915-3577-46e9-9442-4dda32fa4b4e,Kaitlyn,Martinez,k_l_martinez@live.com
0f27f1be-1d61-41ea-9ae2-cef0158bb09f,Courtney,Rodriguez,courtneymrodriguez@rocketmail.com
3e7c5ec0-1dfa-4910-bd33-d59987ff974a,Timothy,Richardson,timothy.richardson@live.com
f4eda59b-7f09-48c6-b171-f243f2930711,Jason,Rodriguez,jrodriguez@gmail.com
df28858b-1470-403b-a0fb-ba8a8c0e3171,Nathan,Nelson,n_j_nelson@live.com
e1961a3d-beec-4383-bb68-1a2a37afd92d,Ryan,James,ryan@hotmail.com
01ecfeac-5006-4af3-8961-fb5d3d7b142f,Richard,Cox,richard_robert_cox62@outlook.com
d8f5377b-fa62-4df0-b072-8f444b2ff173,Tiffany,Collins,tscollins@aol.com
bd356d9f-8ddd-4e8a-92e7-593ae7790578,Anthony,Wright,anthonyawright@rocketmail.com
1f874d5a-915b-466c-9160-fb3fa1b4ba24,Ashley,Rodriguez,a_rodriguez@rocketmail.com
369363dc-b290-442f-a3cd-c9af107c5aa8,Mark,Lewis,marklewis95@hotmail.com
1f0bcccf-f945-4fac-9197-461da3fec2ad,Nicholas,Russell,n_russell@hotmail.com
b5ba1bb0-e937-4bc7-bf26-165501b282e9,Isaac,Powell,i.powell@outlook.com
9cd8b4ad-f964-4daf-9d5c-9749b3d8c303,Elizabeth,Perez,edperez17@ymail.com
b2e4ef6e-dc5e-4cd2-92e0-481c1f88bdbc,Layla,Ross,laylak@gmail.com
3e2a14d5-0593-43c0-928a-5ec44cabfc59,Jason,Harris,j_f_harris82@rocketmail.com
a5d9ef08-5916-41a8-a472-490e146261fe,Haley,Murphy,hmurphy36@ymail.com
827dbe16-c831-4511-92e1-2aeed8866df7,Henry,Nelson,h.w.nelson@outlook.com
70860c87-a6a6-4a24-bba3-3521d775c17e,Tyler,Williams,tm24@aol.com
b2b0697c-e834-4059-8b07-472f96e9f390,Kyle,Henderson,kyle6@live.com
1ff54a71-26ca-437f-999a-1f07152a8aaa,Stephanie,Murphy,stephaniemurphy@ymail.com
6ae1de03-2026-462b-b785-699926b61aae,Emily,Brooks,e_m_brooks@rocketmail.com
aedfc997-62b7-4c5e-aeda-e5e9eec1f34d,Danielle,Reed,danielle_l@yahoo.com
188ea89b-2ed2-4142-b441-2a3261b7768f,Ryan,Turner,r_s@ymail.com
8951bbdd-a760-4b56-8f3c-95ba0e16dc12,Kyle,Rivera,k.e.rivera@gmail.com
84ae7ff6-2896-4f8d-9558-8cefd45584d9,Joseph,Rodriguez,joseph74@live.com
8d4635a2-5509-4f10-88d6-d7201cc2d1ef,Brianna,White,bm@outlook.com
ee80e990-1dad-49a1-82ca-0d95f7d3165c,Brianna,Morris,brianna_kay_morris83@hotmail.com
313fd17a-9623-46a0-8e76-590c62d8f8ff,Sofia,Wright,sofia.wright@aol.com
986a2bf3-c2dd-432f-991c-7bf601d796be,Amelia,Rodriguez,amelia.r.rodriguez30@ymail.com
b9e204f2-fd6a-4ca4-bc40-86923671aec8,Ava,Murphy,ava_murphy2@hotmail.com
ce07e383-296f-4cb4-b7ac-7ce012da4de0,Joseph,Bryant,joseph.e.bryant@gmail.com
baf616b0-a67e-489e-b835-025bca7c2bf7,Brianna,Kelly,brianna.kelly@gmail.com
b3ac78b0-cede-40f3-99b0-9ce2dacd847f,Eleanor,King,eking@ymail.com
6c211412-98b2-4f00-b80a-c0f1d88bcb3d,Henry,Parker,h.parker@hotmail.com
b625c7a5-e16c-4711-a249-4b732c32a8ce,Nathan,Lewis,nathan@yahoo.com
5315ff87-0273-45ae-99a4-165da88924b5,David,Butler,dbutler@yahoo.com
136e5e2d-1905-47a5-b655-18ba5a6c4fbe,Thomas,Turner,t_j_turner@aol.com
0aaa016c-a52b-4c35-a720-1a6874abfb7f,Tiffany,Cook,t.i.cook@live.com
b2c15471-b2b0-4aa5-adce-beb8f44cc487,Kevin,Lopez,kevin.scott@live.com
c5eb9d4f-cdf2-4b24-a1ba-e549d85f874e,Owen,Gonzales,owen.lee@rocketmail.com
4591c346-320f-444f-bf73-d0e72d34210b,Adam,Peterson,adam.peterson@aol.com
4120c311-02fb-4b48-b8e8-13438abe6d59,Christopher,Foster,christopherfoster@ymail.com
6827a34a-7434-4ec5-a0e3-92b483a62d56,Timothy,Williams,timothywilliams@outlook.com
4253b818-9c5a-427b-aff4-58424c6241e6,Nicole,Carter,n.m.carter@ymail.com
12409841-6967-4851-a758-9e2d1e6a3a41,Isaac,Roberts,i.roberts@ymail.com
65641dc6-d463-4353-94a1-cfe36c19215d,Isaac,Mitchell,isaac@aol.com
c591c29f-f926-4b29-85ad-e73f6cd10989,John,Rogers,j_s_rogers89@gmail.com
168607ef-a534-44d7-b06d-d6afbfb719f4,Kaitlyn,Stewart,k.stewart@yahoo.com
cee14440-732a-44b5-8b65-7769883321b2,Dylan,Johnson,d.g.johnson@gmail.com
a3890626-f010-431c-a933-21ae8f9a25f5,Abigail,Flores,akflores@yahoo.com
bf9285ed-76dc-43dc-91c3-fe62af76b9e8,Mark,Butler,markbutler@outlook.com
8466c9cd-8051-448c-a1ae-c308241c2b87,Timothy,Washington,t.washington11@aol.com
ad12abe5-83eb-4a56-976d-7fb3176fdc18,Alyssa,Coleman,alyssa_grace_coleman35@gmail.com
98de605f-1a14-4f8d-9f08-3a9e7fa91fba,Nicholas,Alexander,nicholas.joseph@hotmail.com
ddf9f9c1-733d-4ca1-afbe-7c1bf919f713,Matthew,Butler,matthew@ymail.com
7b154088-16f6-4a2a-91d0-0c8a58d92e70,Owen,Cooper,om@gmail.com
c2ec004e-fda7-4237-ab85-a16f38cf8abc,Tyler,Hayes,tyler.scott.hayes86@hotmail.com
714f961e-259f-447c-b093-4862e8d668c5,Richard,Henderson,r_henderson@gmail.com
d14a4777-4bb7-441f-8976-ba2cd062962b,Eric,Butler,e.m.butler@rocketmail.com
090984a7-eef9-4beb-89e7-8bc4f01debc9,Jessica,Rivera,jrivera@aol.com
62281764-d2ae-4623-b4d7-3670c032d2c3,Oliver,Ramirez,o_w_ramirez@aol.com
dd73d2f0-6d9f-4916-a362-f2a065bbe2c1,Amelia,Jackson,amelia_jackson@gmail.com
0ad558a4-45d1-470c-aecc-087fea6a43b3,Maria,Perry,maria.perry@gmail.com
0a53179b-0a37-4687-9341-aaabbdd20343,Tiffany,Coleman,tiffany_renee@hotmail.com
8348a7e8-4a28-429d-8d80-27e51ef828bb,Lillian,Hill,l_hill@live.com
a0e7015c-f55d-4665-a947-7ad3f45a180f,Jack,Cooper,j.cooper@hotmail.com
1f45151d-5f06-41aa-9228-f938edd06d24,Heather,Rivera,heather.m.rivera7@gmail.com
427020b8-e36a-49ee-a540-d88230e2ff95,Samantha,Davis,samantha.davis87@gmail.com
c5cca8d2-9958-4252-852a-ebb19d5cda80,Charles,Long,charleslong60@gmail.com
7b0a0274-8c1a-410d-8e22-c71c3b6f99df,Erin,Simmons,erin.simmons@rocketmail.com
c6c297eb-d974-4695-9a5c-8df787b2cf3c,Aaron,Howard,a.m.howard@gmail.com
9f41d147-35f8-4f29-b6f0-fe3c352aba24,Justin,Johnson,jjohnson@yahoo.com
3678dac9-e8bd-454b-b2e4-7a8d3d54dc35,Julian,Bennett,j_bennett@ymail.com
7d9b4741-a467-4ac6-b154-9024e954a214,Claire,Jenkins,c.jenkins@rocketmail.com
98736e90-4903-4bfd-992b-70330a42cbef,Melissa,Martinez,ml@gmail.com
1c951131-26c9-4c19-b802-47dc5f50c1dc,James,Edwards,j.g@yahoo.com
9b384f5f-0142-4660-8491-4c4260c3e88f,Victoria,Stewart,victoria.grace.stewart@gmail.com
86f9f178-239c-4091-8124-ae8b0b2f0eda,Jonathan,Smith,jonathan_smith@outlook.com
9389caf1-1c67-4a6e-80c9-773f0d4b56e5,Alyssa,Allen,alyssaanneallen@aol.com
a77804e0-8a0a-4d90-a4dc-1c127afebe10,Christina,Price,christinalprice@yahoo.com
39990fb9-12f6-403d-b748-0c35fb00513d,Alexander,Walker,alexanderwalker@live.com
d45bb603-c3d3-417f-a7ff-b67e3fd274a5,Rachel,Perry,rachel.m.perry97@ymail.com
6d862f31-22eb-4a86-a8e0-7626515bc403,Taylor,Coleman,taylor@rocketmail.com
cd11293a-582d-450a-8615-2d8ce73da099,Grace,Coleman,g_r_coleman41@yahoo.com
a6ad0142-4b9c-416f-b921-d550bc6750a0,Theodore,Gonzales,theodore.gonzales@rocketmail.com
26701b9e-8f84-4652-85e8-eb96711be371,Jack,Cox,jack.r.cox@gmail.com
4a513112-90a2-4c62-8db9-96bf9001e15d,Grace,Rodriguez,gracerodriguez39@ymail.com
d4f5f664-0e01-49d7-bb62-b7657e218359,Aaron,Jackson,ajackson@aol.com
acb2de45-5475-4459-a849-850576f68b4d,Owen,Smith,o.w.smith@ymail.com
1fe100cc-214c-439f-a1b0-de588ed98a46,Evelyn,Phillips,evelyn@gmail.com
4d09402d-10a3-48d4-ba98-88851dce0bda,Heather,Rogers,hmrogers@ymail.com
aa408c28-92c6-49c8-9c99-d25184ce16fd,Abigail,Perry,a.r@outlook.com
